AA1001	AA1002	AA1003	AA1004	AA1005	AA1006	AA1007	AA1008	AA1009	AA1010	AA1011	AA1012	AA1013	AA1014	AA1015	AA1016	AA1017	AA1018	AA1019	AA1020	AA1021	AA1022	AA1023	AA1024	AA1025	AA1026	AA1027	AA1028	AA1029	AA1030	AA1031
100004	1	260	587-03-9892	male	2600 Rafe Lane	Jackson	MS	39201	US	4.49E+15	AnthonyJDacosta@pookmail.com	662-718-2255	Whalen	3/25/1970	Visa	Anthony	J	Dacosta	Thadern	Wuithaiph7	14-Jun	1Z 9A9 W98 38 3679 711 2	Economist	Parade of Shoes	2003 Mitsubishi Montero	SanFranciscoAgency.com	B+	214.5	97.5	5' 9"
100005	2	737	302-64-2796	male	2729 Robinson Lane	Delaware	OH	43015	US	4.72E+15	JasonLSaltsman@spambob.com	740-368-9998	Allen	8/6/1933	Visa	Jason	L	Saltsman	Witelf	phoo7kee0Yo	17-Jan	1Z 765 372 96 5450 656 8	Technician	Druther's	1996 Toyota Cresta	ThousandPalm.com	O+	182.6	83	5' 6"
100006	3	559	554-82-0873	female	3187 Oakwood Circle	Irvine	CA	92614	US	4.72E+15	LindaJVargas@dodgit.com	949-279-5011	Pena	4/6/1950	Visa	Linda	J	Vargas	Anctemarry	oong0Eiy	13-Jan	1Z 984 530 33 9758 838 1	Gaming supervisor	White Coffee Pot	1992 Donkervoort S8	ThousandTimes.com	O+	169.8	77.2	5' 2"
100007	4	254	672-20-3139	male	213 Lakeland Park Drive	Stone Mountain	GA	30083	US	5.22E+15	DustinCKersey@trashymail.com	770-558-2865	Gonzales	2/25/1971	MasterCard	Dustin	C	Kersey	Brupits71	quaiB7kaicae	16-Apr	1Z 9A6 4W9 81 1867 052 9	Songwriter	Corinthian Designs	1994 Ford Escort	QuebecTalk.com	O+	215.2	97.8	6' 1"
100008	5	318	545-19-7119	female	1823 Chicago Avenue	Visalia	CA	93291	US	4.53E+15	MaureenEFrazier@spambob.com	559-623-2568	Fanning	4/23/1986	Visa	Maureen	E	Frazier	Anchoughboad	eing5Oon	16-Mar	1Z 548 07A 29 2376 822 6	Delivery services truck driver	Sanitary Grocery Stores	2008 Volkswagen Touareg	ScriptRanking.com	A+	184.8	84	5' 7"
100009	6	364	452-16-5352	female	389 Gladwell Street	Gunter	TX	75058	US	5.41E+15	LashandaLBolinger@pookmail.com	903-228-9981	Cummings	6/25/1974	MasterCard	Lashanda	L	Bolinger	Nortur	AC4phucheiw	16-Jul	1Z 089 524 17 9529 108 9	Wildlife officer	Burstein-Applebee	2004 Holden Combo	SpeedEnhancer.com	B+	179.1	81.4	5' 3"
100010	7	443	144-20-0815	female	3001 Lakewood Drive	Jersey City	NJ	7307	US	5.45E+15	UnaLNichols@dodgit.com	201-885-4349	Smith	9/2/1933	MasterCard	Una	L	Nichols	Rapen1933	thae0RooSh	13-Jul	1Z 1W3 59A 72 3403 286 7	Top executive	Mr. Steak	2002 Volkswagen New Beetle	CellphoneManual.com	O+	139	63.2	5' 3"
100011	8	662	402-06-0689	female	2637 Leroy Lane	Somerset	KY	42564	US	4.53E+15	PaulaDWaldron@mailinator.com	606-231-0180	Kasper	5/14/1946	Visa	Paula	D	Waldron	Ammed1946	Aedie0pheW	15-Feb	1Z 8E4 698 69 0987 355 6	Job analysis manager	Atlas Realty	2005 Ford Excursion	CheapMessengers.com	B+	122.8	55.8	5' 2"
100012	9	89	420-43-9963	female	979 Turkey Pen Lane	Enterprise	AL	36330	US	5.42E+15	MargaretMPharr@mailinator.com	334-464-0703	Lewis	1/12/1952		Margaret	M	Pharr	Stuard1952	ae6sheiTeu	15-Dec	1Z 3A1 61F 78 8587 712 1	Wastewater treatment plant and system operator	Plan Smart Partner	2000 Nissan Almera	SwimmingGadgets.com	O+	113.7	51.7	5' 6"
100013	10	705	486-42-8321	male	2705 Rodney Street	Imperial	MO	63052	US	4.93E+15	AdolphRHumphery@dodgit.com	636-467-3513	Downing	5/22/1956	Visa	Adolph	R	Humphery	Cher1956	Queewein2c	13-Mar	1Z 608 60W 50 2839 831 8	Apparel worker	Smitty's Marketplace	2007 BMW 325	BlockTaxes.com	B+	188.1	85.5	5' 7"
100014	11	522	445-08-9990	male	3144 Philli Lane	Tulsa	OK	74120	US	4.49E+15	RobertKEngland@spambob.com	918-506-4259	Dudley	8/10/1991	Visa	Robert	K	England	Fliket	aecoi1Fu	15-Dec	1Z 0E7 628 79 2248 070 0	Human resources representative	Shoe Town	2002 Mercedes-Benz CLK	MoralGame.com	O+	159.3	72.4	5' 7"
100015	12	719	225-74-4447	female	247 Broadcast Drive	Washington	VA	20004	US	5.18E+15	LisaDJohnson@mailinator.com	703-982-1006	Demarco	1/17/1971	MasterCard	Lisa	D	Johnson	Tived1971	On7shi0Hai	14-Aug	1Z 827 A29 34 3439 625 0	Health information manager	Jitney Jungle	1996 Mitsubishi Magna	DeepMoisture.com	AB+	226.6	103	5' 5"
100016	13	783	155-86-1773	female	3942 West Side Avenue	Jersey City	NJ	7306	US	4.56E+15	KellyANewman@dodgit.com	201-239-6531	Johnson	4/1/1943	Visa	Kelly	A	Newman	Nourst	ooL7yai0X	17-May	1Z 226 V41 74 6379 407 5	Time clerk	Konsili	2010 Renault Thalia	GetCelebs.com	B+	135.7	61.7	5' 5"
100017	14	338	367-22-7940	female	1100 Rubaiyat Road	Grand Rapids	MI	49503	US	4.93E+15			Spaulding	10/7/1979		Gertie	M	Morales	Gaidge	Fo9phora	15-Mar	1Z 744 0V0 96 7112 799 5	Tester	You Are Successful	2010 Fiat Bravo	WomenAlert.com	O+	145.9	66.3	5' 6"
100018	15	117	339-12-9500	male	4996 Hog Camp Road		IL	60458	US	5.17E+15	DavidCStanley@spambob.com	708-516-0245	Macdonald	9/23/1985	MasterCard	David	C	Stanley	Stors1985	eeSh1zeeHei	14-Oct	1Z A18 704 19 4090 093 2	Job estimator	House Of Denmark	1999 Daewoo Musson	RapLives.com	O+	137.1	62.3	5' 10"
111393	16	513	600-73-8624	male	1608 Hillside Street	Mesa	AZ	85201	US	4.49E+15	KerryMKing@pookmail.com	480-523-5284	Dermody	6/20/1951		Kerry	M	King	Withater	eeNieza8lo	17-Oct	1Z 106 56F 62 3472 925 0	Amusement machine repairer	Beaver Lumber	2005 BMW 318	ColorUniform.com	A+	239.4	108.8	5' 7"
177620	17	570	487-01-2884	male	4800 Fairmont Avenue	Kansas City	MO	64106	US	5.50E+15	AlexPEngle@spambob.com	660-357-8502	Remmers	7/19/1973	MasterCard	Alex	P	Engle	Sers1973	chaeNg5ae	14-Apr	1Z 08Y V25 80 2237 907 6	Machinery maintenance mechanic	Adaptas	1998 Nissan Cima	VisaProtection.com	AB+	139	63.2	5' 6"
177619	18	597	008-82-2821	female	597 Essex Court	South Burlington	VT	5403	US	5.38E+15	ShirleyMCannon@mailinator.com	802-357-3579	Green	1/9/1942	MasterCard	Shirley	M	Cannon	Eseriver1942	ier2iJ6och	13-Sep	1Z 751 511 74 2694 930 1	Psychiatric nurse	Woolf Brothers	2008 BMW 328	CardOpinion.com	O+	212.7	96.7	4' 11"
100020	19	489	099-82-0855	female	117 Southern Street	Long Island City	NY	11101	US	4.54E+15	ShirleyJRamos@spambob.com	516-723-2714	Coleman	11/28/1979		Shirley	J	Ramos	Glan1979	esaeY5too	13-Dec	1Z 0A3 8V0 07 8961 494 8	Electrotyper	EXPO Design Center	1994 BMW 750	TanningResearch.com	B+	203.5	92.5	5' 7"
100021	20	532	515-08-8749	male	3924 Henery Street		KS	67202	US	4.53E+15	BernardRWeir@pookmail.com	316-734-7840	Carter	4/18/1937	Visa	Bernard	R	Weir	Andsc1937	ieTohngug4	14-Nov	1Z 297 89Y 80 4149 270 5	Packaging and filling machine operator	Avant Garde Appraisal	1993 Citroen Xantia	NoteNews.com	O+	195.6	88.9	5' 7"
100022	21	350	767-16-7582	female	4096 Brannon Avenue	St Augustine	FL	32084	US	5.46E+15	GladysDCormier@trashymail.com		Boulware	12/12/1950	MasterCard	Gladys	D	Cormier	Wougen	Ke4ohz8j	13-Apr	1Z 485 W67 23 2814 523 8	Information processing worker	Life Plan Counselling	2002 Pininfarina Start	EmploymentBrief.com	B+	115.3	52.4	5' 3"
100023	22	857	619-16-2270	female	1264 Thompson Drive	Oakland	CA	94612	US	4.54E+15	AmyDLane@pookmail.com	510-405-5448	Dawson	2/6/1932	Visa	Amy	D	Lane	Peopone	teVoghau2ce	16-Dec	1Z 03E 3A0 04 0811 338 0	Community planner	Body Toning	2003 Bugatti EB 218	TeeItOff.com	A+	110.7	50.3	5' 7"
100024	23	671	129-88-7950	female	4793 Taylor Street		NY	10007	US	5.50E+15	LuzJWindley@trashymail.com	914-707-9339	Butler	11/29/1951	MasterCard	Luz	J	Windley	Enwhat	ohcahwe7Noh	14-Oct	1Z 2V7 884 67 4106 799 3	Paramedic	Monit	2012 Tata Safari	PDAMasters.com	A+	167.9	76.3	5' 0"
177622	24	297	552-51-2245	female	907 Armbrester Drive	Lomita	CA	90717	US	4.53E+15	MargaretMYoung@pookmail.com	310-530-6553	Castaneda	5/5/1929	Visa	Margaret	M	Young	Ponerver	Lai7ook7Y	17-Jun	1Z V05 239 52 2273 101 5	Keypunch operator	Funtown toys	1997 Lada Natacha	LeanSkin.com	B+	182.8	83.1	5' 5"
177621	25	544	564-93-8684	female	4135 Woodstock Drive	Los Angeles	CA	90017	US	4.54E+15	VirgilJLopez@trashymail.com	626-534-5475	Eubanks	8/4/1968		Virgil	J	Lopez	Fortell	du1Eiwaph	17-Mar	1Z 943 994 84 2660 123 2	Criminologist	Service Merchandise	1996 Pontiac GPX	LoversRevenge.com	AB-	150.3	68.3	5' 1"
100026	26	551	119-26-1010	male	3198 Southern Street	Bohemia	NY	11716	US	5.14E+15			Rogers	3/26/1927	MasterCard	John	G	Vanwinkle	Staread	uiS2Sho8	14-Mar	1Z 829 9A4 61 4982 328 1	Cutting and slicing machine tender	Universo Realtors	2010 Infiniti M	RockMutual.com	A+	222.2	101	5' 5"
100027	27	744	290-46-8217	female	4671 Peaceful Lane	Garfield Heights	OH	44128	US	4.54E+15	GloriaTBurrage@dodgit.com	216-466-3631	James	9/11/1974	Visa	Gloria	T	Burrage	Gremand1974	lahQu4fe3ee	14-Mar	1Z 428 Y15 10 9535 124 1	Power transformer repairer	Romp	2001 Renault Avantime	Osleader.com	AB+	202.6	92.1	5' 1"
100028	28	686	667-18-2206	female	686 Post Farm Road	Decatur	GA	30030	US	5.57E+15	MinaRSimmons@dodgit.com	404-219-4815	Sanderson	2/17/1935		Mina	R	Simmons	Hersten	Iuqu1ieth	17-Jan	1Z 5Y9 42W 48 4250 710 4	Personal care aide	Red Robin Stores	1997 Lexus SC	CPASpecialist.com	O+	152.5	69.3	5' 0"
132985	29	730	248-37-5834	male	3732 Hillview Street	Columbia	SC	29206	US	5.36E+15	TerryDDavidson@spambob.com	803-738-0478	Lenhart	1/8/1927	MasterCard	Terry	D	Davidson	Objer1927	au9je6Voik	16-Jun	1Z 043 125 40 7113 432 3	Funeral director	Patterson-Fletcher	1997 Bentley Continental	AlumniSpecial.com	O+	177.5	80.7	5' 7"
132986	30	226	303-11-7176	female	2580 Sugarfoot Lane	Lafayette	IN	47904	US	4.53E+15	LilliamGCiccone@mailinator.com	765-448-4522	Arnone	1/28/1966	Visa	Lilliam	G	Ciccone	Whiden	quaoWuy0cai	15-Jun	1Z 2A8 147 58 7882 691 2	Yardmaster	Infinite Wealth Planners	2007 Hummer H2	PittsburghTrips.com	B+	229.2	104.2	5' 7"
177642	31	269	541-14-9209	female	1496 Sycamore Road	Sheridan	OR	97378	US	4.56E+15	ErikaCHalligan@spambob.com	541-364-6737	Mysliwiec	7/19/1940	Visa	Erika	C	Halligan	Netur1940	Rie0xiWu	15-Sep	1Z 3W0 910 93 5186 906 8	Airline flight engineer	Handy Andy Home Improvement Center	2009 Alpina B7	AreaFlu.com	A+	141	64.1	5' 1"
177641	32	835	608-06-4318	female	3982 Canis Heights Drive	Los Angeles	CA	90057	US	5.57E+15	HilarySKlar@dodgit.com	213-739-5413	Leach	8/26/1976	MasterCard	Hilary	S	Klar	Whoul1976	Oe1ahFie5	15-Jul	1Z 4Y6 209 69 9466 506 0	Director	Shoe Pavilion	1999 Honda CR-V	GolfRap.com	A+	105.6	48	5' 1"
177640	33	727	472-88-0121	male	3205 Sardis Station	Minneapolis	MN	55401	US	4.93E+15	AlvinVHart@mailinator.com	612-354-6427	Hopkins	6/18/1989	Visa	Alvin	V	Hart	Velsomens	weeBohg8oo	14-May	1Z 521 759 93 7053 051 6	Accounts receivable clerk	Exact Realty	1994 TVR Type S	AdvertisingWars.com	O+	187.2	85.1	5' 11"
177639	34	418	514-16-7748	female	499 Charter Street	Tonganoxie	KS	66086	US	4.53E+15	MargaritaDDodd@pookmail.com	913-845-9136	Oliver	11/24/1983	Visa	Margarita	D	Dodd	Facten	raT8Seth9	14-Aug	1Z 246 686 05 3308 493 6	Courtesy van driver	Linens 'n Things	2008 Chevrolet Vivant	XConvention.com	A-	124.1	56.4	5' 7"
177638	35	684	517-18-5552	female	1597 Coolidge Street	Broadus	MT	59317	US	5.41E+15	IrmaCDorris@spambob.com	406-935-1734	Howell	5/18/1956	MasterCard	Irma	C	Dorris	Utaltorge	eegh1IthohV	13-Jul	1Z 714 609 66 7292 908 5	Central office installer	Cloth World	2008 Mitsubishi Raider	LimoModels.com	O-	134	60.9	5' 5"
177637	36	408	140-24-1403	male	3594 Pooz Street	West Osbornsville	NJ	8723	US	4.49E+15	WilliamWCalle@trashymail.com		Hooks	7/3/1954	Visa	William	W	Calle	Necanat	aeF2aewoo7	13-Aug	1Z 806 886 59 2903 945 3	Clerical supervisor	Casual Corner	2002 Saab 9-X	TwoPizzas.com	A-	248.4	112.9	6' 2"
177636	37	901	487-74-6119	female	835 Rodney Street	Manchester	MO	63011	US	5.53E+15	MariaJTroutman@pookmail.com		Cummings	11/13/1930	MasterCard	Maria	J	Troutman	Oldisher30	Chah7hegh	13-Jul	1Z 385 200 90 4735 179 3	Beautician	Body Toning	2002 BMW 760	SpectacularNames.com	O+	192.9	87.7	5' 0"
177646	38	894	008-56-3140	male	2636 Selah Way	South Burlington	VT	5403	US	4.93E+15	MiguelTVela@pookmail.com		Brosnan	2/24/1947	Visa	Miguel	T	Vela	Blothe	ti0FaPooL9ai	17-May	1Z 386 634 44 1258 356 8	Local transit bus driver	Red Robin Stores	1999 Lada Niva	GenitalDoctor.com	O+	226.6	103	5' 6"
177645	39	859	768-32-4120	male	3603 Wilkinson Court	Fort Myers	FL	33905	US	4.92E+15	CharlesIDuckworth@pookmail.com		Robins	12/26/1971	Visa	Charles	I	Duckworth	Yonion	aecie5oeTh	17-Jul	1Z 978 748 02 4988 958 2	Cutting machine operator	Budget Power	2000 Holden Commodore	PropFlip.com	O+	220.9	100.4	6' 1"
177635	40	490	046-58-8874	male	1687 Meadow View Drive	Cheshire	CT	6410	US	4.54E+15	GaryEPugh@dodgit.com		Myatt	3/12/1989	Visa	Gary	E	Pugh	Matuareen	Ze3ooh9Ofi6	13-Jun	1Z 33E 209 02 3631 757 3	Hostler	Custom Lawn Care	2007 Audi Q7	TodayAlert.com	O+	176.2	80.1	5' 9"
177634	41	492	131-40-1965	male	3059 Rosewood Lane	New York	NY	10022	US	5.33E+15	PrestonCLeroy@mailinator.com	212-906-4412	Patterson	11/6/1940	MasterCard	Preston	C	Leroy	Crostimare	Wuv7Che6ch	17-Oct	1Z 7W6 420 44 6868 910 7	General practitioner	La Petite Boulangerie	2009 Alfa Romeo Brera	MobileTeleconference.com	A+	233	105.9	5' 11"
177633	42	736	687-03-2423	male	2424 Nancy Street	Durham	NC	27703	US	4.93E+15	MichaelBRitchie@trashymail.com	919-640-9197	Nassar	2/22/1936	Visa	Michael	B	Ritchie	Fifended	Ahfooqu6	16-May	1Z V39 499 57 6172 033 4	Real estate agent	Harmony House	1996 Tata E220	PrepaidSale.com	B-	197.8	89.9	5' 11"
177632	43	312	468-13-3469	male	3665 Pineview Drive	Marshall	MN	56258	US	5.54E+15	RobertAMullen@mailinator.com	507-829-9892	Jackson	4/18/1951	MasterCard	Robert	A	Mullen	Yialathein51	ohdoh7Ch	16-May	1Z 449 493 92 9106 326 3	Time checker	Just For Feet	2009 Infiniti M	SocialTranslation.com	A+	202	91.8	5' 6"
177631	44	913	319-94-0962	female	3469 Steele Street	Burr Ridge	IL	61257	US	4.92E+15	MargretDCheng@trashymail.com	630-714-4178	Rone	9/5/1940	Visa	Margret	D	Cheng	Saillower	ooZaeVuw7	15-Sep	1Z 129 6W0 16 4702 040 4	Private detective	Franklin Simon	2011 Dodge Durango	WholesalerLeads.com	A+	195.8	89	5' 7"
177623	45	462	199-42-8225	male	594 Filbert Street		PA	19034	US	4.93E+15	KennySLackey@dodgit.com	610-795-6367	Peters	10/18/1947	Visa	Kenny	S	Lackey	Torned	aese3ohMeish	13-Feb	1Z 816 8Y4 50 0659 620 5	Choke setter	Cuppy's Coffee	1995 Ford Scorpio	CashYear.com	O+	182.2	82.8	5' 9"
177624	46	12	182-16-2993	female	3617 Rocky Road	Philadelphia	PA	19154	US	4.54E+15	KatherineIAllen@pookmail.com	215-612-1481	Hayes	10/14/1937	Visa	Katherine	I	Allen	Hartand	tool3iF1c	13-Feb	1Z Y59 642 76 9970 510 7	Grounds maintenance worker	Hit or Miss	2012 Subaru Impreza	ForeclosureConference.com	AB+	129.4	58.8	5' 0"
177643	47	57	463-50-3684	male	4648 Hemlock Lane	Mcallen	TX	78501	US	4.92E+15		956-434-4901	Defeo	3/24/1986	Visa	Christopher	M	Blum	Swily1986	Vahsh7ae	15-Nov	1Z 5F0 767 73 5031 492 0	Practical nurses	Rivera Property Maintenance	2009 Dodge Caliber	DigitalRaleigh.com	B+	159.7	72.6	6' 3"
177625	48	261	590-47-3052	male	1126 Arbutus Drive	Miami	FL	33012	US	4.56E+15		305-820-4537	Staab	1/21/1947	Visa	Carroll	E	Hicks	Neenturnew	uCieThuqu9	13-Dec	1Z 025 293 06 7099 374 6	Fence erector	Bay Furniture	2004 Lotus Elise	LimitLaws.com	O+	217.8	99	5' 11"
177644	49	839	523-02-4292	female	220 Roy Alley	Denver	CO	80202	US	4.49E+15		303-881-6072	Lee	5/12/1983	Visa	Juanita	R	Jaramillo	Diffelf	eeku4heiT	16-Dec	1Z 809 457 72 0967 333 2	Endodontist	Ole's	1992 Chrysler Voyager	TutorResearch.com	B+	166.1	75.5	5' 6"
177626	50	305	004-68-6478	male	45 Retreat Avenue	Limestone	ME	4750	US	4.72E+15		207-328-5212	Moore	4/29/1961	Visa	Darryl	T	Miller	Agrapper	xa6ThaeNee	17-Dec	1Z 665 633 67 8138 097 6	Automated systems librarian	Official All Star Caf√©	2011 Jaguar XJ	ScottsdaleJets.com	O+	191	86.8	6' 0"
177627	51	556	253-03-2365	male	4735 Davis Street	Ranger	GA	30139	US	4.93E+15		706-334-8533	Finn	12/6/1951	Visa	Gerald	M	Wallace	Kinglens	UepheiH8t	13-Oct	1Z 354 207 11 7551 533 4	Fabric mender	Superior Interactive	1995 Honda Today	CardLiquidators.com	O+	225.3	102.4	5' 10"
177628	52	570	405-19-8726	male	3518 Mayo Street	Winchester	KY	40391	US	4.92E+15	MichaelMGrier@mailinator.com	859-737-8873	Herrera	2/5/1929	Visa	Michael	M	Grier	Gist1929	eix1iog8Oo	17-Oct	1Z 032 462 05 7275 589 4	Truck driver	Asiatic Solutions	2001 Acura CL	BrusselsPackages.com	A+	172.3	78.3	5' 7"
177629	53	390	309-56-4561	male	3570 Conaway Street	Marengo	IN	47140	US	5.57E+15	PatBDavis@trashymail.com	812-365-4345	Johnson	9/28/1936	MasterCard	Pat	B	Davis	Stound	phiYaur8mie	16-Feb	1Z 128 367 47 9253 718 4	Gerontologist	Happy Family	2006 Ford GT	ForwardCity.com	B+	204.4	92.9	5' 5"
177630	54	253	245-83-7107	female	1855 Dola Mine Road	Apex	NC	27502	US	4.56E+15	JaeWDu@spambob.com	919-363-4955	Tucker	4/20/1950	Visa	Jae	W	Du	Anighbold1950	iexah2zo2R	17-Jan	1Z 55F 876 24 9044 981 8	Mail processing machine operator	Service Merchandise	2007 Volvo C70	EyeTint.com	O+	154.7	70.3	5' 2"
100030	55	662	270-52-0737	female	2144 Vineyard Drive	Mayfield Heights	OH	44124	US	5.49E+15	CharlotteMDennis@mailinator.com	440-446-1716	Escamilla	5/10/1930	MasterCard	Charlotte	M	Dennis	Meppyinks	haiC9ux7ch	17-Sep	1Z 62V 7E0 27 6456 622 4	Correctional officer	Monk House Maker	2006 Mahindra Scorpio	DemocratCampaign.com	B+	128.3	58.3	4' 11"
100031	56	121	041-20-0568	female	1604 Airplane Avenue	Hartford	CT	6103	US	5.36E+15	FlorenceAMena@trashymail.com	860-820-5336	Guay	8/24/1986	MasterCard	Florence	A	Mena	Struch	aeQu1tie	16-Dec	1Z 1F2 7Y3 38 9991 967 8	Job service consultant	Wise Appraisals	1998 Volvo S70	StreamWebsites.com	O+	202.4	92	5' 3"
100032	57	779	533-06-2136	female	2986 Terra Street	Centralia	WA	98531	US	5.35E+15	EllenLLawrence@pookmail.com	360-345-6400	Williams	11/11/1944	MasterCard	Ellen	L	Lawrence	Tink1944	chahg6Yie	16-Dec	1Z 290 75F 22 0819 480 9	Tractor-trailer driver	Honest Air Group	2003 Chevrolet Blazer	DailyCDs.com	B+	164.6	74.8	5' 6"
100033	58	183	391-20-7957	female	1328 Comfort Court	Madison	WI	53718	US	4.93E+15	BethanyBCarter@dodgit.com	608-336-7837	Gillespie	10/24/1928	Visa	Bethany	B	Carter	Cony1928	Mee8ohng7ee	15-May	1Z 890 06Y 06 2862 738 4	Security officer	Childs Restaurants	2003 Bentley Azure	ReadyConnection.com	A+	152.7	69.4	5' 5"
100034	59	105	467-57-2638	male	1011 Hilltop Drive	Pampa	TX	79065	US	5.39E+15	MelvinTLee@dodgit.com	806-334-9655	Noe	4/7/1961	MasterCard	Melvin	T	Lee	Nordiris1961	Aej2nin0zae	14-Jan	1Z 086 A70 39 8800 616 4	CART provider	County Seat	2012 BMW 316	SyntheticBond.com	A+	195.8	89	5' 10"
100035	60	858	144-74-4944	male	1403 Lakewood Drive	Jersey City	NJ	7306	US	5.11E+15	LeonAJackson@mailinator.com	201-798-3866	Williams	6/1/1980	MasterCard	Leon	A	Jackson	Zoble1980	Aisheenuo5f	13-Nov	1Z 328 269 06 8890 945 0	Aircraft and avionics service technician	Enviro Architectural Designs	1992 Eagle Summit	PlanetJerk.com	AB+	194.3	88.3	5' 11"
100036	61	421	497-78-0270	male	2288 Briarwood Road	Joplin	MO	64801	US	5.40E+15	JosephARobinson@trashymail.com	417-781-4136	Crutcher	2/22/1961	MasterCard	Joseph	A	Robinson	Thimemper	Ox8qua2quai	15-Apr	1Z 177 7A6 46 8669 665 3	Environmental technician	Ruehl No. 925	1994 Steyr G-series	BluetoothSpecialist.com	B+	229	104.1	6' 0"
100037	62	610	335-56-6599	male	4369 Hickman Street	Aurora	IL	60504	US	4.49E+15	RichardCWebb@pookmail.com	630-430-6406	Austin	7/25/1976	Visa	Richard	C	Webb	Nothead	Sahfee0Ha	15-Jul	1Z 528 864 82 2536 726 9	Funeral director	Joshua Doore	2004 Mazda B2500	MyJockey.com	A-	177.8	80.8	6' 0"
145936	63	910	163-64-8057	male	1666 Rocky Road	Philadelphia	PA	19103	US	5.54E+15	EmilDWright@dodgit.com	215-636-8505	Helsel	8/28/1992	MasterCard	Emil	D	Wright	Afrocke	chupo6ud7B	17-Oct	1Z 450 263 52 4449 233 8	Textile knitting and weaving machine tender	Consumers and Consumers Express	2009 Chevrolet Uplander	OptionsTracker.com	B+	170.7	77.6	5' 6"
177647	64	570	541-10-1885	male	1161 Buena Vista Avenue	Medford	OR	97501	US	5.37E+15	JamesCTaggart@trashymail.com	541-734-0680	Trosclair	1/13/1932	MasterCard	James	C	Taggart	Coldound	ohng6as2J	16-Oct	1Z 369 973 39 2393 287 2	Admissions director	Infinite Wealth Planners	1995 Lotus Elan	FailMarketing.com	A+	175.8	79.9	6' 0"
177648	65	260	181-28-4600	female	3169 Stuart Street	Portland	PA	97205	US	5.42E+15	NicoleDHelm@pookmail.com	724-386-3079	Marks	12/1/1940	MasterCard	Nicole	D	Helm	Hapromeen1940	Chaedice8	16-Nov	1Z 100 989 16 9606 639 5	Theoretical chemist	Sunflower Market	1992 Toyota Sera	SitterSchedule.com	A+	159.7	72.6	5' 5"
100039	66	402	463-32-0169	female	1953 Charmaine Lane	Redmon	TX	79088	US	4.72E+15	JudithALandes@dodgit.com	806-627-0837	Parks	2/9/1982	Visa	Judith	A	Landes	Lieuphe	iesh8Chua	16-Aug	1Z 112 781 08 9077 046 2	Environmental protection officer	Listenin' Booth	1996 Italdesign Legram	FuelMall.com	O-	116.2	52.8	5' 2"
100040	67	857	382-22-3340	male	3387 Mount Street	Brant	MI	48614	US	4.72E+15	JerryGJohnstone@mailinator.com	989-585-3860	Partridge	10/25/1952	Visa	Jerry	G	Johnstone	Thess1952	Uoph3oogh	13-Jun	1Z 451 6F8 12 1829 123 7	Secretary	Red Owl	2009 Dodge Durango	CosmeticVet.com	B+	197.8	89.9	6' 0"
100041	68	432	525-44-0168	female	916 Byrd Lane	Albuquerque	NM	87102	US	4.56E+15		505-272-3333	Millard	1/17/1947	Visa	Mary	L	McNeill	Charroarob47	eigii6eoMaw	14-Apr	1Z 871 082 67 5298 797 8	Sailor	Enrich Garden Services	2006 Ford Freestyle	CrimeCap.com	B+	144.1	65.5	5' 1"
100042	69	175	016-84-7440	female	1548 Christie Way	Worcester	MA	1610	US	4.72E+15		978-755-6202	Owen	7/1/1938	Visa	Ellen	E	Giron	Hadis1938	ail1beJiQu	14-Feb	1Z 261 981 68 0856 755 3	CART provider	Alexander's	1992 Nissan Presea	ButterJelly.com	O+	197.8	89.9	5' 7"
177649	70	467	594-70-4694	male	4721 Wilkinson Court	North Naples	FL	33963	US	4.93E+15		239-514-2075	Dussault	1/28/1941	Visa	Ronald	B	Brown	Thilessen41	aiChoh1Xoo	17-Jun	1Z 18Y 139 63 6185 653 8	Archaeologist	National Record Mart	2008 Peugeot 107	TalkingAid.com	A-	203.3	92.4	5' 5"
177650	71	288	180-50-1841	male	546 Beechwood Drive	Pittsburgh	PA	15205	US	4.49E+15		412-270-0827	Ledezma	7/12/1936	Visa	Eric	L	Barrett	Likeen	ooshun7xuW9	14-Jun	1Z 129 A17 24 3093 084 8	Material moving occupation	Jitney Jungle	2001 Jeep Wrangler	LacrosseListings.com	A-	201.1	91.4	5' 6"
177651	72	226	484-26-0564	male	1618 Langtown Road	Baldwin	IA	52207	US	4.56E+15		563-673-7827	Maxim	10/14/1991	Visa	Terrance	F	Sluder	Posell	Ho6thahK5eiqu	17-Jan	1Z 152 0Y2 35 0129 790 2	Electronic equipment repairer	Elek-Tek	1995 Peugeot 306	ElderWebsite.com	A+	121.2	55.1	5' 6"
177652	73	903	222-09-9558	female	3168 Callison Lane	Newark	DE	19714	US	4.53E+15		302-481-1793	Kavanaugh	7/18/1946	Visa	Erma	L	Gates	Orthe1946	eM3reiVae5oo	14-Feb	1Z 764 672 64 5905 264 8	Automated systems librarian	Hoyden	1993 Honda Civic Del Sol	GroupCrush.com	A+	127.6	58	5' 8"
177653	74	345	034-58-4523	female	1269 Cedar Lane	Newton	MA	2160	US	4.56E+15		617-559-6608	Jones	8/11/1966	Visa	Shirley	L	Gomez	Dintep	uToxei3sh	15-Oct	1Z E60 A42 50 0047 114 3	Fire dispatcher	Robert Hall	1994 Jensen Interceptor	RentalBed.com	B+	226.8	103.1	5' 2"
111395	75	391	431-12-6086	male	411 Fittro Street	Little Rock	AR	72211	US	4.56E+15		870-331-2148	Smoot	5/6/1962	Visa	Chad	S	Rhine	Fainceir	aeYa6he2Ee	17-May	1Z 943 322 67 6881 019 0	Technician	Record Bar	2012 Bentley Mulsanne	FaxManual.com	A+	232.3	105.6	6' 2"
132993	76	140	634-14-8070	female	4384 Baker Avenue	Fort Worth	TX	76102	US	5.15E+15		817-885-9995	Duryea	6/23/1959	MasterCard	Rebecca	F	Harrell	Olunnime	tie3Quau5	17-Apr	1Z 477 667 29 6991 135 3	Design printing machine operator	Lawn N' Order Garden Care	2004 Hummer H1	GolfProdigies.com	A+	120.6	54.8	5' 2"
177656	77	696	751-05-6038	male	488 Stratford Drive	Lihue	HI	96766	US	5.58E+15		808-240-1615	Lake	12/9/1956	MasterCard	Steven	G	Shelley	Carating	OphaeTh1k	17-Nov	1Z 264 66E 53 8708 258 6	Demographer	Warehouse Club Inc.	2004 BMW 645	SkateboardingMovie.com	A+	247.9	112.7	5' 9"
177657	78	677	679-10-5459	male	4232 Cedar Street	Jonesboro	AR	72401	US	4.72E+15		870-824-8114	McDonald	6/14/1941	Visa	Lucien	C	McGann	Lottle41	ahpeeB5aigh	17-Dec	1Z 441 080 80 2244 559 7	Data processor	House of Gas	1997 Ford Puma	RazorMarket.com	A+	164.3	74.7	5' 4"
177658	79	622	291-66-3560	female	888 Walnut Hill Drive	Cincinnati	OH	45241	US	4.54E+15		513-249-3882	Kline	6/11/1985	Visa	Barbara	K	Ellis	Niguest1985	chahVei4oo	17-Jan	1Z 482 800 06 4055 108 0	Landscape contractor	Pro-Care Garden Maintenance	2002 Saab 9-5	MobileLevel.com	A+	111.5	50.7	5' 3"
177659	80	160	173-46-1613	male	4902 High Meadow Lane		PA	18640	US	4.72E+15		570-574-0213	Wood	9/19/1977	Visa	George	M	Parker	Solivocks	Eiki8ealah	17-Nov	1Z 5E3 244 65 1808 353 5	Radio and telecommunications equipment repairer	Sportmart	1992 Alfa Romeo 155	RelocationLending.com	A+	236.9	107.7	5' 7"
177660	81	160	446-28-9537	female	3246 Heather Sees Way	Vinita	OK	74301	US	5.39E+15		918-713-4981	Thompson	6/15/1985	MasterCard	Irene	J	Grund	Nothemould1985	aev2Yei1b	14-Jul	1Z 987 836 84 2520 675 9	Keeper	Formula Grey	2012 Holden Cruze	RingLocation.com	O+	218.5	99.3	5' 2"
177654	82	911	501-66-0730	female	3080 Courtright Street	Karlsruhe	ND	58744	US	5.20E+15		701-525-9564	Brown	10/24/1931	MasterCard	Rochel	K	Waddell	Alifeen	cheVahph8oo	13-Mar	1Z 7A0 679 05 0574 065 6	Human resources assistant	P. Samuels Men's Clothiers	1997 Volvo C70	MiniDroid.com	O-	194.5	88.4	5' 5"
177661	83	321	091-78-6597	male	4785 Walt Nuzum Farm Road	Batavia	NY	14020	US	5.51E+15			Whitlock	4/28/1979	MasterCard	Leonard	I	Constantino	Knonts1979	puYienaew8u	17-May	1Z 848 386 70 3440 811 7	Urban and transportation geographer	Sandy's	1994 Seat Ibiza	PrescriptionShampoo.com	A+	141	64.1	5' 9"
177662	84	196	480-06-7950	female	4010 Nutters Barn Lane		IA	50595	US	4.93E+15			Napier	6/28/1934	Visa	Denisha	R	Correa	Kner1934	boh2Oyu4ie	15-Nov	1Z 533 469 22 4145 360 7	Flight service specialist	Williams Bros.	2010 Fiat Sedici	CellOrganizer.com	B+	128.9	58.6	5' 2"
177655	85	949	044-18-5816	female	4369 Whitman Court	Wallingford	CT	6492	US	4.93E+15			Cameron	10/4/1957	Visa	Betty	A	Cotton	Clacers	duvu7hiefiF	17-Apr	1Z 875 5F2 41 6374 305 7	Job analyst	Record Town	2009 Fiat Idea	EscrowEtc.com	O+	141.7	64.4	5' 3"
177663	86	915	364-26-5886	female	2529 Robinson Court	Saginaw	MI	48607	US	4.53E+15			Hicks	9/10/1963	Visa	Hannah	K	Oberlin	Sedgerhy	Uu9Joo4rae3	14-Aug	1Z 672 705 38 3755 367 4	Poultry cutter	Sunny's Surplus	2003 BMW 730	DishSuperstore.com	O+	172	78.2	5' 7"
177664	87	141	513-09-5700	female	1522 Better Street	Kansas City	KS	66207	US	4.92E+15		913-381-3973	McClure	7/1/1936	Visa	Patti	W	Wyatt	Noremse	gah1Thae7ah	17-Aug	1Z 480 2F0 84 6247 105 7	Linemen	Simple Solutions	2005 Nissan Pathfinder	SnackAuthority.com	A+	114.4	52	5' 1"
111400	88	973	464-71-7137	male	2854 Liberty Street	Dallas	TX	75201	US	4.54E+15		214-849-9328	Fearon	8/31/1984	Visa	Thomas	C	Craig	Cuposidere	Wiepae6xoh4	15-Sep	1Z 710 446 18 3166 937 3	Paramedic	Hechinger	2007 Toyota Aygo	OrderInteractive.com	O+	188.5	85.7	5' 10"
111401	89	532	423-52-2685	male	4537 Fleming Street	Montgomery	AL	36014	US	5.39E+15		334-410-4150	Hensley	2/24/1986	MasterCard	Kevin	E	McCord	Norned86	vai3too0Ooz	15-Apr	1Z V00 312 37 9430 834 2	Food batchmaker	Allied City Stores	2005 Lancia Musa	Teethless.com	O+	173.6	78.9	5' 9"
111402	90	866	571-31-0901	male	980 Red Maple Drive	Los Angeles	CA	90017	US	4.72E+15		323-432-6308	Hankins	10/5/1945	Visa	Eric	E	Smith	Prive1945	Iequoh9Oj	15-May	1Z Y36 041 41 0141 316 8	Scraper operator	Robert Hall	2011 Land Rover LR3	ForumJet.com	B+	199.5	90.7	5' 6"
111397	91	794	550-31-3593	male	103 Bel Meadow Drive	Pomona	CA	91766	US	5.46E+15		909-292-6142	Stearns	4/29/1951	MasterCard	Robert	J	Pyron	Dong1951	uo4se2gea0Ai	15-Mar	1Z 293 174 62 7012 178 0	Electrical and electronics repairer	Life Map Planners	2010 Chevrolet Corvette	StrictlyYoga.com	O+	208.6	94.8	5' 10"
111398	92	710	573-97-7935	male	3011 Alexander Avenue	Pleasanton	CA	94566	US	4.54E+15		925-600-7370	Shannon	8/23/1954	Visa	Charlie	A	Woods	Wough1954	DieKae5ic	15-May	1Z 520 7V1 33 4742 534 1	Certified nursing assistant	MegaSolutions	2004 MCC Silverpulse	ToyRow.com	A+	173.1	78.7	5' 10"
142086	93	571	604-74-9809	female	3210 Pretty View Lane	Yountville	CA	94599	US	4.53E+15		707-945-1750	Kennedy	9/28/1954	Visa	Gloria	R	Lopez	Sonfeaughe	eiVe6waix7w	15-Jan	1Z 741 22W 42 6740 569 6	Inhalation therapist	Nickerson Farms	2000 Vauxhall Agila	LocalDVDs.com	O+	138.6	63	5' 7"
142087	94	173	266-35-5119	male	647 Spirit Drive	Port Orange	FL	32019	US	4.92E+15		386-898-3583	Medley	4/20/1954	Visa	Kirk	D	Collins	Hispeauncer	Ubiogh9eemee	15-Apr	1Z 713 2A0 01 2796 178 8	Fitness director	Druther's	2004 Fiat Multipla	ManhattanGyms.com	A+	225.1	102.3	6' 0"
100045	95	583	067-60-4903	male	4921 Frosty Lane	Smyrna	NY	13464	US	5.45E+15		607-627-2332	Waggener	10/2/1929	MasterCard	Anthony	L	Gardner	Worly1929	Wua3xeicoo	16-Aug	1Z Y18 492 70 8707 145 0	Assistant manager	Judy's	2004 TVR Speed 12	BannerVan.com	A+	194.3	88.3	5' 5"
100046	96	980	270-02-8630	female	4503 Peaceful Lane	Cleveland	OH	44111	US	4.56E+15		216-476-2340	Rangel	1/31/1975	Visa	Karen	J	Watson	Sliphe	Kum7cieCh	15-Apr	1Z 900 331 98 2495 562 0	Training assistant	Fretter	2007 Buick LaCrosse	GolfVan.com	O+	217.8	99	5' 2"
100047	97	285	389-64-3822	female	4964 Reeves Street	Valders	WI	54245	US	4.92E+15		920-775-1196	Scherr	5/4/1942	Visa	Mary	A	Walker	Neash1942	sohC8Ashoh	14-Sep	1Z 25E 762 97 6110 524 7	Semiconductor assembler	Robert Hall	2012 Land Rover Range Rover Evoque	LipstickBlog.com	O-	183.7	83.5	5' 5"
100048	98	514	766-32-8177	female	2249 Half and Half Drive	Boynton Beach	FL	33436	US	5.57E+15		561-201-3893	Anderson	7/11/1934	MasterCard	Alicia	G	Chang	Saily1934	Pieb9nuk7ug	13-Jul	1Z 4Y5 231 48 4864 732 3	President	Newhair	1992 Daihatsu Feroza	YearTracker.com	A+	195.1	88.7	5' 5"
100049	99	809	629-78-8364	male	1638 Sussex Court	Oglesby	TX	76571	US	4.53E+15		254-456-9794	Stewart	6/21/1976	Visa	James	M	Anderson	Emeart	doiZa3oe	17-Nov	1Z 974 19E 87 8984 445 9	Bus mechanic	Discount Furniture Showcase	2010 BMW M6	NoteSync.com	A+	219.8	99.9	6' 1"
